{
  "model": {
    "BLEU": 50.45310137695008,
    "chrF": 76.02927934815774,
    "WER_norm": 0.3501880484747179,
    "CER_norm": 0.1480899419729207
  },
  "identity": {
    "BLEU": 20.212485208660173,
    "chrF": 70.92312455456359,
    "WER_norm": 0.532804011700794,
    "CER_norm": 0.15401353965183753
  }
}