{
  "raw": {
    "model": {
      "BLEU": 60.09537358027325,
      "chrF": 79.35046043007463,
      "WER": 0.30112093508348287,
      "CER": 0.1449302353300506,
      "Exact": 0.1003
    },
    "identity": {
      "BLEU": 38.6197914222521,
      "chrF": 72.2931469184963,
      "WER": 0.401695026731436,
      "CER": 0.13138702444184538,
      "Exact": 0.0036
    }
  },
  "normalized": {
    "model": {
      "BLEU": 61.06647499067163,
      "chrF": 81.21269654414331,
      "WER": 0.2800761933358981,
      "CER": 0.1365218880200902,
      "Exact": 0.1206
    },
    "identity": {
      "BLEU": 40.778744254401566,
      "chrF": 75.16859392709524,
      "WER": 0.37274680729279075,
      "CER": 0.12254645075260337,
      "Exact": 0.0064
    }
  }
}