{
  "count": 10000,
  "BLEU": 4.986597456596107,
  "chrF": 27.914631685580254,
  "WER": 8.936351934153285,
  "CER": 9.565636399303719,
  "ExactMatch": 0.0093
}